#CHROM	POS	ID	REF	ALT	QUAL	FILTER
chr1	36933401	.	C	T	54	PASS
chr1	115252189	.	C	T	21	LOW_Q
chr2	136872414	rs781031273	TA	T	100	PASS
chr2	136872416	.	A	G	66	LOW_Q
chr2	136872608	.	A	G	42	PASS
chr2	136872910	rs781172058	C	T	25	PASS
chr2	136873541	rs561155814	TA	T	54	PASS
chr2	136873579	.	G	A	53	PASS
chr2	198266362	.	T	C	23	FAIL
chr2	198266376	.	GT	G	87	PASS
chr2	198267243	rs200694304	G	A	100	PASS
chr2	198267243	.	G	GA	100	PASS
chr2	198267243	rs752109835	GA	G	100	PASS
chr2	198267243	rs754385486	GAA	G	100	PASS
chr2	198267243	rs755742488	GAAA	G	47	PASS
chr2	198267255	.	A	G	22	FAIL
chr2	209113048	rs774469589	GA	G	100	PASS
chr2	209113192	rs11554137	G	A	100	PASS
chr3	128200806	rs11708606	G	A	100	PASS
chr3	128200880	.	T	C	25	PASS
chr3	128202685	.	A	G	61	PASS
chr4	55593730	.	T	C	68	PASS
chr4	106156288	.	ACAC	A	100	PASS
chr4	106156883	rs1051802873	A	G	50	PASS
chr4	106158490	.	C	A	100	PASS
chr4	106163960	rs376067407;rs373986001	ATG	A	100	PASS
chr4	106193653	rs149641287	TAC	T	100	PASS
chr4	106196092	rs2647243	C	T	100	PASS
chr4	106196282	.	C	T	100	PASS
chr4	153245499	rs138665286	A	G	26	PASS
chr4	153247495	.	T	C	33	FAIL
chr4	153247496	.	T	C	45	PASS
chr5	170837513	rs760834615	C	CT	100	PASS
chr5	170837513	rs397792554;rs34323200	CT	C	100	PASS
chr5	170837513	rs766749752	CTT	C	100	PASS
chr5	170837513	rs754069851	CTTT	C	32	PASS
chr7	140481338	.	T	C	27	LOW_Q
chr7	140481486	.	A	G	100	PASS
chr7	148504716	rs3217095	AG	A	100	PASS
chr7	148504854	rs560966145	A	AGACTT	100	PASS
chr7	148506064	rs740949	A	G	100	PASS
chr7	148507389	.	C	T	37	PASS
chr7	148507546	.	G	A	90	PASSSu
chr7	148508833	rs2072407	A	G	100	PASS
chr7	148511972	rs765699047	C	T	32	PASS
chr7	148512676	rs367952854	G	A	25	PASS
chr7	148525888	rs587778303	CCAT	C	35	PASS
chr7	148543525	rs10274535	A	G	100	PASS
chr7	148543693	rs3214332	TA	T	100	PASS
chr7	148543693	rs745733123	TAA	T	100	PASS
chr9	5073681	rs756482367	C	CT	100	PASS
chr9	5073681	rs750624043	CT	C	100	PASS
chr9	5073681	.	CTT	C	90	PASS
chr9	133747599	rs780630788	T	C	35	PASS
chr9	133747734	rs4740376	C	T	100	PASS
chr9	133750216	.	G	A	47	PASS
chr9	133755466	.	A	G	20	FAIL
chr9	133755577	.	G	A	28	PASS
chr9	139390944	rs774361826	TGTG	T	29	PASS
chr9	139397691	.	C	T	55	PASS
chr9	139397707	rs10521	G	A	100	PASS
chr10	89692808	.	C	T	36	PASS
chr10	89717599	.	T	C	40	PASS
chr10	89717728	.	T	C	100	PASS
chr11	32414327	.	G	A	22	PASS
chr11	32414333	rs2234593	G	T	100	PASS
chr11	119148855	.	T	TTTGGAGC	100	PASS
chr11	119148859	rs758061092	AT	A	100	PASS
chr11	119149126	.	CT	C	100	PASS
chr11	119149236	.	G	A	100	PASS
chr11	119149355	rs756238702	TATG	T	100	PASS
chr12	111885351	rs558803422;rs111340708	ATGGGG	A	47	PASS
chr12	111885605	.	A	G	37	PASS
chr12	111885885	.	T	C	65	PASS
chr13	28607989	rs2491223	T	G	100	PASS
chr13	28608135	.	A	G	57	PASS
chr13	28608399	.	A	G	31	PASS
chr15	90631917	rs747216375	TC	T	31	PASS
chr17	7578645	rs2909430	C	T	100	PASS
chr17	7579472	rs1042522	G	C	100	PASS
chr17	40359505	rs879060554	G	GCA	22	LOW_Q
chr17	40359505	rs796271356;rs397837160;rs761933983;rs66538430	GCA	G	100	PASS
chr17	40359505	rs377476267	GCACA	G	100	PASS
chr17	74732959	rs751713049	G	T	100	PASS
chr17	74733099	rs237057	G	A	100	PASS
chr18	42531784	.	T	C	45	PASS
chr18	42531952	.	G	A	45	PASS
chr18	42532170	.	A	G	52	PASS
chr19	13054407	.	T	C	54	PASS
chr19	33792174	.	C	T	55	PASS
chr19	33792748	rs192240793	G	A	100	PASS
chr19	33792754	rs781757114	GGGC	G	100	FAIL
chr19	33792900	.	C	A	22	PASS
chr19	33793007	.	TCGC	T	34	PASS
chr20	31022441	rs756958159	A	AG	100	PASS
chr20	31022441	.	A	AGG	84	PASS
chr20	31022441	rs781077343	AG	A	23	PASS
chr20	31022959	rs6058694	T	C	100	PASS
chr20	31023816	.	G	A	52	PASS
chr20	31024028	rs150391716	G	A	100	PASS
chr21	36164324	.	C	T	21	PASS
chr21	36165041	rs11700756	T	C	100	PASS
chr21	36165054	.	G	A	29	PASS
chr21	36193871	rs2018329	T	C	100	PASS
chr21	36194053	.	G	A	28	PASS
chr21	44524406	.	GA	G	20	PASS
chr21	44524524	rs367744421	A	G	36	FAIL
chrX	15808548	.	C	T	26	LOW_Q
chrX	15817963	rs5980192	A	G	100	PASS
chrX	15818114	rs62985661	AT	A	100	PASS
chrX	15821786	.	T	C	100	PASS
chrX	15841066	.	A	G	32	FAIL
chrX	48649540	.	C	T	23	PASS
